<?xml version="1.0" encoding="UTF-8"?><game bgcolor="#427a9e" id="4295" name="The i Story (Eng/PaC)" xmlformat="5"><mission duration="interactive" id="9120" image="files/1_i-eng-start.jpg" type="StartAndExitScreen"><onEnd><rule><action id="9203" keepActivity="0" type="StartMission"/><action type="SetVariable" var="i"><value><num>0</num></value></action></rule></onEnd><onStart><rule><action type="SetVariable" var="current_level"><value><string>1-1</string></value></action><action type="SetVariable" var="i_is_in_inventory"><value><string>false</string></value></action><action type="SetVariable" var="position_i"><value><string>B2</string></value></action><action type="SetVariable" var="introtalk"><value><num>0</num></value></action><action type="SetVariable" var="firstwhile"><value><num>0</num></value></action></rule></onStart></mission><mission endbuttontext="Enter name" id="9121" image="files/3_i.jpg" mode="wordticker" nextdialogbuttontext="Continue" textsize="25sp" type="NPCTalk"><onEnd><rule><action id="9122" keepActivity="0" type="StartMission"/></rule></onEnd><onStart><rule><action type="SetVariable" var="introtalk"><value><num>1</num></value></action></rule></onStart><dialogitem blocking="true" id="8653" speaker="i">Heelloooo! Hey, you...</dialogitem><dialogitem blocking="true" id="8654" speaker="i">Yes, i am talking to you. My name is i and what's yours?</dialogitem></mission><mission bg="files/1_bg.jpg" id="9122" loopUntilSuccess="false" prompt="Your name" question="Enter your name" replyOnCorrect="Name saved" replyOnWrong="Name saved" type="TextQuestion"><onEnd><rule><action type="SetVariable" var="name"><value><var>$_9122.result</var></value></action><action id="9127" keepActivity="0" type="StartMission"/></rule></onEnd><answers id="8655"><answer id="8656">[*]</answer></answers></mission><mission endbuttontext="Continue" id="9123" image="files/1_i-surprised.jpg" mode="wordticker" nextdialogbuttontext="Yes" textsize="30sp" type="NPCTalk"><onEnd><rule><action id="9124" keepActivity="0" type="StartMission"/></rule></onEnd><onStart><rule><action id="9203" keepActivity="0" type="StartMission"/></rule></onStart><dialogitem blocking="true" id="8657" speaker="i">Awww, so you're @name@. Are you sure?</dialogitem><dialogitem blocking="true" id="8658" speaker="i">It's just that... i've never met anyone by the name @name@ before. That's really a weird name.</dialogitem></mission><mission endbuttontext="Continue" id="9124" image="files/4_i.jpg" mode="wordticker" nextdialogbuttontext="yes" textsize="25sp" type="NPCTalk"><onEnd><rule><action id="9125" keepActivity="0" type="StartMission"/></rule></onEnd><dialogitem blocking="true" id="8659" speaker="i">Anyhow.. would you like to accompany me for a while?</dialogitem><dialogitem blocking="true" id="8660" speaker="i">I am a variable. I am part of this program. Would you like to know which type of variable I am?</dialogitem><dialogitem blocking="true" id="8661" speaker="i">I am an Integer. I can represent any whole number between -2147483648 and 2147483647.</dialogitem></mission><mission endbuttontext="Okay" id="9125" image="files/1_i-sad.jpg" mode="wordticker" nextdialogbuttontext="Continue" textsize="25sp" type="NPCTalk"><onEnd><rule><action id="9126" keepActivity="0" type="StartMission"/></rule></onEnd><dialogitem blocking="true" id="8662" speaker="i">But right now my value is only zero.</dialogitem><dialogitem blocking="true" id="8663" speaker="i">I want to continue with the program, but I don't know what to do.</dialogitem><dialogitem blocking="true" id="8664" speaker="i">Could you speak with the bad man over there? He always tells me to go this way, but I don't see anything.</dialogitem></mission><mission endbuttontext="back to the map" id="9126" image="files/5_i.jpg" mode="wordticker" nextdialogbuttontext="continue" textsize="30sp" type="NPCTalk"><onEnd><rule><action id="9244" keepActivity="0" type="StartMission"/></rule></onEnd><onStart><rule><action type="SetVariable" var="i_is_in_inventory"><value><string>true</string></value></action><action type="SetVariable" var="position_i"><value><string>inv</string></value></action></rule></onStart><dialogitem blocking="true" id="8665" speaker="i">Wow! Thank you so much. He's just one field upwards. Just tap on the up-arrow on the screen. I'll be in your Inventory until then.</dialogitem></mission><mission bg="files/2_bg.jpg" id="9127" loopUntilSuccess="false" shuffle="false" type="MultipleChoiceQuestion"><onEnd><rule><action type="If"><condition><eq><var>$_9127.result </var><string>male</string></eq></condition><then><action type="SetVariable" var="geschlecht"><value><string>m</string></value></action><action type="SetVariable" var="ersiees"><value><string>he</string></value></action><action type="SetVariable" var="ersieesgr"><value><string>He</string></value></action><action type="SetVariable" var="derdiedas"><value><string>his</string></value></action><action type="SetVariable" var="derdiedasgr"><value><string>His</string></value></action><action id="9123" keepActivity="0" type="StartMission"/></then><else><action type="SetVariable" var="geschlecht"><value><string>w</string></value></action><action type="SetVariable" var="ersiees"><value><string>she</string></value></action><action type="SetVariable" var="ersieesgr"><value><string>She</string></value></action><action type="SetVariable" var="derdiedas"><value><string>her</string></value></action><action type="SetVariable" var="derdiedasgr"><value><string>Her</string></value></action><action id="9123" keepActivity="0" type="StartMission"/></else></action></rule></onEnd><question id="8666"><questiontext id="8667">What's your geneder?</questiontext><answer correct="0" id="8668" image="files/1_maennlich.png">male</answer><answer correct="0" id="8669" image="files/1_weiblich.png">female</answer></question></mission><mission endbuttontext="Weiter" id="9128" mode="wordticker" nextdialogbuttontext="Weiter" textsize="30sp" type="NPCTalk"><onEnd><rule><action type="If"><condition><eq><var>i </var><num> 0</num></eq></condition><then><action id="9129" keepActivity="0" type="StartMission"/></then></action><action type="If"><condition><and><lt><var> i </var><num> 20</num></lt><gt><var>i </var><num> 0 </num></gt></and></condition><then><action id="7839" keepActivity="0" type="StartMission"/></then></action><action type="If"><condition><geq><var>i </var><num> 20</num></geq></condition><then><action id="7840" keepActivity="0" type="StartMission"/></then></action></rule></onEnd><dialogitem blocking="true" id="8670">A storm is approaching...</dialogitem></mission><mission duration="1000" id="9129" image="files/2_while-full.jpg" type="StartAndExitScreen"><onEnd><rule><action id="9130" keepActivity="0" type="StartMission"/></rule></onEnd></mission><mission endbuttontext="Talk to the storm" id="9130" image="files/2_i-sad.jpg" mode="wordticker" nextdialogbuttontext="Continue" textsize="30sp" type="NPCTalk"><onEnd><rule><action id="9131" keepActivity="0" type="StartMission"/></rule></onEnd><dialogitem blocking="true" id="8671" speaker="i">That's him. I'm so afraid. You have to talk to him.</dialogitem></mission><mission endbuttontext="Continue" id="9131" image="files/2_while.jpg" mode="wordticker" nextdialogbuttontext="Continue" textsize="30sp" type="NPCTalk"><onEnd><rule><action id="9132" keepActivity="0" type="StartMission"/></rule></onEnd><dialogitem blocking="true" id="8672" speaker="WHILE">What's going on? Who are you?</dialogitem></mission><mission endbuttontext="Continue" id="9132" image="files/3_i-sad.jpg" mode="wordticker" nextdialogbuttontext="Continue" textsize="30sp" type="NPCTalk"><onEnd><rule><action id="9133" keepActivity="0" type="StartMission"/></rule></onEnd><dialogitem blocking="true" id="8673" speaker="i">@ersieesgr@ is here with me. That's @name@. That's a weird name but @ersiees@ wants to help.</dialogitem></mission><mission endbuttontext="Continue" id="9133" image="files/3_while.jpg" mode="wordticker" nextdialogbuttontext="Continue" textsize="30sp" type="NPCTalk"><onEnd><rule><action id="9134" keepActivity="0" type="StartMission"/></rule></onEnd><dialogitem blocking="true" id="8674" speaker="WHILE">Fine by me, but it won't change the fact that I can't let i pass.</dialogitem><dialogitem blocking="true" id="8675">I'm a While Loop. That means that the program has to repeat itself as long as I say so.</dialogitem><dialogitem blocking="true" id="8676">And I will not stop this until i has a value that is at least 20.</dialogitem></mission><mission endbuttontext="Continue" id="9134" image="files/4_i-sad.jpg" mode="wordticker" nextdialogbuttontext="Continue" textsize="30sp" type="NPCTalk"><onEnd><rule><action id="9135" keepActivity="0" type="StartMission"/></rule></onEnd><dialogitem blocking="true" id="8677" speaker="i">You're mean. I don't know what to do.</dialogitem></mission><mission endbuttontext="back to map" id="9135" image="files/4_while.jpg" mode="wordticker" nextdialogbuttontext="Continue" textsize="30sp" type="NPCTalk"><onEnd><rule><action id="9241" keepActivity="0" type="StartMission"/></rule></onEnd><onStart><rule><action type="SetVariable" var="firstwhile"><value><num>1</num></value></action></rule></onStart><dialogitem blocking="true" id="8678">Go deep into the forest and find If and Else. They'll help. The blue arrows will lead you to them.</dialogitem><dialogitem blocking="true" id="8679">If i can't find the way by herself, maybe @name@ can carry her?</dialogitem><dialogitem blocking="true" id="8680">While carrying i, you can only follow the blue arrow on your map. If you deviate from it, i has to wait where it is. </dialogitem><dialogitem blocking="true" id="8681">You can pick her up when you return, but the flow of the program can't be disturbed.</dialogitem></mission><mission duration="3000" id="9136" image="files/1_forest.jpg" type="StartAndExitScreen"><onStart><rule><action message="Du betrittst den Wald der Verzweigung." type="ShowMessage"/></rule></onStart><onEnd><rule><action type="If"><condition><eq><var>i </var><num> 0</num></eq></condition><then><action id="9137" keepActivity="0" type="StartMission"/></then><else><action type="If"><condition><lt><var>i </var><num> 20</num></lt></condition><then><action id="7848" keepActivity="0" type="StartMission"/></then><else><action message="Da ist nichts." type="ShowMessage"/><action id="7721" keepActivity="0" type="StartMission"/></else></action></else></action></rule></onEnd></mission><mission endbuttontext="Continue" id="9137" image="files/1_i-sad-forest.jpg" mode="wordticker" nextdialogbuttontext="Continue" textsize="30sp" type="NPCTalk"><onEnd><rule><action id="9138" keepActivity="0" type="StartMission"/></rule></onEnd><dialogitem blocking="true" id="8682" speaker="i">I'm afraid. It's so dark here.</dialogitem></mission><mission endbuttontext="Continue" id="9138" image="files/4_if.jpg" mode="wordticker" nextdialogbuttontext="Continue" textsize="30sp" type="NPCTalk"><onEnd><rule><action id="9139" keepActivity="0" type="StartMission"/></rule></onEnd><dialogitem blocking="true" id="8683" speaker="IF">Did you hear something?</dialogitem><dialogitem blocking="true" id="8684" speaker="ELSE">N-N-No. The good Else didn't hear anything.</dialogitem><dialogitem blocking="true" id="8685" speaker="IF">Oh hold your breath. I smell strangers.</dialogitem></mission><mission endbuttontext="Continue" id="9139" image="files/3_if-onlyif.jpg" mode="wordticker" nextdialogbuttontext="Continue" textsize="30sp" type="NPCTalk"><onEnd><rule><action id="9140" keepActivity="0" type="StartMission"/></rule></onEnd><dialogitem blocking="true" id="8686" speaker="IF">Show yourself, strangers! I can hear you!</dialogitem></mission><mission endbuttontext="Continue" id="9140" image="files/5_if-onlyelse.jpg" mode="wordticker" nextdialogbuttontext="Continue" textsize="30sp" type="NPCTalk"><onEnd><rule><action id="9141" keepActivity="0" type="StartMission"/></rule></onEnd><dialogitem blocking="true" id="8687" speaker="ELSE">Don't be so furious. Maybe they are friendly.</dialogitem></mission><mission endbuttontext="Continue" id="9141" image="files/1_i-surprised-forest.jpg" mode="wordticker" nextdialogbuttontext="Continue" textsize="30sp" type="NPCTalk"><onEnd><rule><action id="9142" keepActivity="0" type="StartMission"/></rule></onEnd><dialogitem blocking="true" id="8688" speaker="i">Ha! You look like some odd fish.</dialogitem></mission><mission endbuttontext="Continue" id="9142" image="files/5_if.jpg" mode="wordticker" nextdialogbuttontext="Continue" textsize="30sp" type="NPCTalk"><onEnd><rule><action id="9143" keepActivity="0" type="StartMission"/></rule></onEnd><dialogitem blocking="true" id="8689" speaker="IF">Fish? We're no fish. Did you hear that, Else? How rude can somebody be?</dialogitem><dialogitem blocking="true" id="8690" speaker="ELSE">Well, a little odd is okay. Who's the big one?</dialogitem></mission><mission endbuttontext="Continue" id="9143" image="files/1_i-happy-forest.jpg" mode="wordticker" nextdialogbuttontext="Continue" textsize="30sp" type="NPCTalk"><onEnd><rule><action id="9144" keepActivity="0" type="StartMission"/></rule></onEnd><dialogitem blocking="true" id="8691" speaker="i">Hahahahaha! Look at them, @name@. It has two faces. That's even funnier than your name.</dialogitem></mission><mission endbuttontext="Continue" id="9144" image="files/6_if.jpg" mode="wordticker" nextdialogbuttontext="Continue" textsize="30sp" type="NPCTalk"><onEnd><rule><action id="9145" keepActivity="0" type="StartMission"/></rule></onEnd><dialogitem blocking="true" id="8692" speaker="IF">I don't believe this..</dialogitem><dialogitem blocking="true" id="8693" speaker="IF">Well, speak why you are here so we can get through with this.</dialogitem></mission><mission endbuttontext="Continue" id="9145" mode="wordticker" nextdialogbuttontext="Continue" textsize="30sp" type="NPCTalk"><onEnd><rule><action id="9146" keepActivity="0" type="StartMission"/></rule></onEnd><dialogitem blocking="true" id="8694">And so the little i told the two funny faces why and how they came together here.</dialogitem></mission><mission endbuttontext="Continue" id="9146" image="files/6_if-onlyelse.jpg" mode="wordticker" nextdialogbuttontext="Continue" textsize="30sp" type="NPCTalk"><onEnd><rule><action id="9147" keepActivity="0" type="StartMission"/></rule></onEnd><dialogitem blocking="true" id="8695" speaker="ELSE">Well that's a heartwarming story.</dialogitem></mission><mission endbuttontext="Continue" id="9147" image="files/4_if-onlyif.jpg" mode="wordticker" nextdialogbuttontext="Continue" textsize="30sp" type="NPCTalk"><onEnd><rule><action id="9148" keepActivity="0" type="StartMission"/></rule></onEnd><dialogitem blocking="true" id="8696" speaker="IF">You are such a drama queen.</dialogitem><dialogitem blocking="true" id="8697" speaker="IF">We have waited for you, i, for quite some time.</dialogitem><dialogitem blocking="true" id="8698" speaker="IF">Sadly, i can't just give you your value.</dialogitem><dialogitem blocking="true" id="8699" speaker="IF">I am an If-Condition and I can only help you if a certain condition is fulfilled.</dialogitem><dialogitem blocking="true" id="8700" speaker="IF">And my programmed condition is that you need to have any other value than zero.</dialogitem></mission><mission endbuttontext="I like you." id="9148" image="files/3_i-sad-forest.jpg" mode="wordticker" nextdialogbuttontext="Continue" textsize="30sp" type="NPCTalk"><onEnd><rule><action id="9149" keepActivity="0" type="StartMission"/></rule></onEnd><dialogitem blocking="true" id="8701" speaker="i">Nobody likes me.</dialogitem></mission><mission endbuttontext="Continue" id="9149" image="files/7_if-onlyelse.jpg" mode="wordticker" nextdialogbuttontext="Continue" textsize="30sp" type="NPCTalk"><onEnd><rule><action id="9150" keepActivity="0" type="StartMission"/></rule></onEnd><dialogitem blocking="true" id="8702" speaker="ELSE">Psst. Come here, little i.</dialogitem><dialogitem blocking="true" id="8703" speaker="ELSE">I am the Else-Part of this If-Condition. I can help whenever the condition is not fulfilled.</dialogitem></mission><mission endbuttontext="Continue" id="9150" image="files/2_i-surprised-forest.jpg" mode="wordticker" nextdialogbuttontext="Continue" textsize="30sp" type="NPCTalk"><onEnd><rule><action id="9151" keepActivity="0" type="StartMission"/></rule></onEnd><dialogitem blocking="true" id="8704" speaker="i">So that means you will finally give me a positive value?</dialogitem></mission><mission endbuttontext="Continue" id="9151" image="files/8_if-onlyelse.jpg" mode="wordticker" nextdialogbuttontext="Continue" textsize="30sp" type="NPCTalk"><onEnd><rule><action id="9152" keepActivity="0" type="StartMission"/></rule></onEnd><dialogitem blocking="true" id="8705" speaker="ELSE">Psst. Sorry, I can't just give it to you. You'll have to get it for yourself.</dialogitem><dialogitem blocking="true" id="8706" speaker="ELSE">In my branches, there is another small program that you'll have to visit.</dialogitem><dialogitem blocking="true" id="8707" speaker="ELSE">I think you'll get a new value there.</dialogitem></mission><mission endbuttontext="back to the map" id="9152" image="files/2_i-happy-forest.jpg" mode="wordticker" nextdialogbuttontext="Continue" textsize="30sp" type="NPCTalk"><onEnd><rule><action id="9265" keepActivity="0" type="StartMission"/></rule></onEnd><dialogitem blocking="true" id="8709" speaker="i">That sounds awesome!</dialogitem><dialogitem blocking="true" id="8710" speaker="i">Come, @name@, we have to go!</dialogitem></mission><mission duration="1000" id="9199" image="files/1_abspann1.jpg" type="StartAndExitScreen"><onEnd><rule><action id="9200" keepActivity="0" type="StartMission"/></rule></onEnd></mission><mission duration="1000" id="9200" image="files/1_abspann2.jpg" type="StartAndExitScreen"><onEnd><rule><action id="9201" keepActivity="0" type="StartMission"/></rule></onEnd></mission><mission duration="3000" id="9201" image="files/2_abspann3.jpg" type="StartAndExitScreen"><onEnd><rule><action type="EndGame"/></rule></onEnd></mission><mission duration="interactive" id="9202" image="files/1_abspann4.jpg" type="StartAndExitScreen"><onEnd><rule><action type="EndGame"/></rule></onEnd></mission><mission duration="1410064408" id="9203" image="files/1_b2.jpg" type="StartAndExitScreen"><onStart><rule><action type="SetVariable" var="current_position"><value><string>B2</string></value></action><action type="If"><condition><eq><var>b2first11 </var><num> 1</num></eq></condition><then><action type="IncrementVariable" var="be2first11"/></then><else><action type="SetVariable" var="be2first11"><value><num>1</num></value></action></else></action></rule></onStart><onTap><rule><action type="If"><condition><and><lt><var> $_tap.x </var><num> 444 </num></lt><lt><var> $_tap.y </var><num>  950</num></lt><gt><var>$_tap.x </var><num> 70 </num></gt><gt><var> $_tap.y </var><num> 860 </num></gt></and></condition><then><action id="9204" keepActivity="1" type="StartMission"/></then></action><action type="If"><condition><and><lt><var>$_tap.x </var><num> 100 </num></lt><lt><var> $_tap.y </var><num>  450</num></lt><gt><var> $_tap.y </var><num> 150 </num></gt></and></condition><then><action id="9243" keepActivity="0" type="StartMission"/><action type="If"><condition><eq><var>i_is_in_inventory </var><string>true</string></eq></condition><then><action type="SetVariable" var="position_i"><value><string>B2</string></value></action><action message="i musste zurückbleiben" type="ShowMessage"/><action type="SetVariable" var="i_is_in_inventory"><value><string>false</string></value></action></then></action></then></action><action type="If"><condition><and><lt><var> $_tap.y </var><num>  450</num></lt><gt><var>$_tap.x </var><num> 900 </num></gt><gt><var> $_tap.y </var><num> 150 </num></gt></and></condition><then><action message="There's no path to follow here." type="ShowMessage"/></then></action><action type="If"><condition><and><lt><var> $_tap.x </var><num> 850 </num></lt><lt><var> $_tap.y </var><num>  650</num></lt><gt><var>$_tap.x </var><num> 150 </num></gt><gt><var> $_tap.y </var><num> 500 </num></gt></and></condition><then><action type="If"><condition><eq><var>i_in_inventory </var><string>false</string></eq></condition><then><action keepActivity="0" type="StartMission"/></then><else><action id="9221" keepActivity="0" type="StartMission"/></else></action></then></action><action type="If"><condition><and><lt><var> $_tap.x </var><num> 850 </num></lt><lt><var> $_tap.y </var><num> 100</num></lt><gt><var>$_tap.x </var><num> 150 </num></gt></and></condition><then><action id="9241" keepActivity="0" type="StartMission"/></then></action><action type="If"><condition><and><lt><var> $_tap.x </var><num> 580 </num></lt><lt><var> $_tap.y </var><num> 360 </num></lt><gt><var>$_tap.x </var><num> 350 </num></gt><gt><var> $_tap.y </var><num> 240</num></gt></and></condition><then><action type="If"><condition><eq><var>introtalk </var><num> 1</num></eq></condition><then><action type="SetVariable" var="i_is_in_inventory"><value><string>true</string></value></action><action type="SetVariable" var="position_i"><value><string>inv</string></value></action><action id="9206" keepActivity="0" type="StartMission"/></then><else><action id="9121" keepActivity="0" type="StartMission"/></else></action></then></action></rule></onTap></mission><mission duration="interactive" id="9204" image="files/1_inventory-o.jpg" type="StartAndExitScreen"><onStart><rule><action type="If"><condition><eq><var>i_is_in_inventory </var><string>true</string></eq></condition><then><action id="9242" keepActivity="0" type="StartMission"/></then><else><action id="9205" keepActivity="0" type="StartMission"/></else></action></rule></onStart></mission><mission duration="interactive" id="9205" image="files/1_inventory-0.jpg" type="StartAndExitScreen"><onTap><rule><action type="If"><condition><and><lt><var> $_tap.x </var><num> 444 </num></lt><lt><var> $_tap.y </var><num>  950</num></lt><gt><var>$_tap.x </var><num> 70 </num></gt><gt><var> $_tap.y </var><num> 860 </num></gt></and></condition><then><action id="9206" keepActivity="0" type="StartMission"/></then></action></rule></onTap></mission><mission duration="1215751192" id="9242" image="files/2_inventory-i.jpg" type="StartAndExitScreen"><onTap><rule><action type="If"><condition><and><lt><var> $_tap.x </var><num> 444 </num></lt><lt><var> $_tap.y </var><num>  950</num></lt><gt><var>$_tap.x </var><num> 70 </num></gt><gt><var> $_tap.y </var><num> 860 </num></gt></and></condition><then><action id="9206" keepActivity="0" type="StartMission"/></then></action></rule></onTap></mission><mission duration="interactive" id="9206" image="files/1_i-loading.jpg" type="StartAndExitScreen"><onStart><rule><action type="If"><condition><eq><var>current_level </var><string>1-1</string></eq></condition><then><action type="If"><condition><eq><var>current_position </var><string>B4</string></eq></condition><then><action type="If"><condition><eq><var>position_i </var><string>B4</string></eq></condition><then><action id="9261" keepActivity="0" type="StartMission"/></then><else><action id="9248" keepActivity="0" type="StartMission"/></else></action></then></action><action type="If"><condition><eq><var>current_position </var><string>B3</string></eq></condition><then><action type="If"><condition><eq><var>position_i </var><string>B3</string></eq></condition><then><action id="9262" keepActivity="0" type="StartMission"/></then><else><action id="9221" keepActivity="0" type="StartMission"/></else></action></then></action><action type="If"><condition><eq><var>current_position </var><string>A3</string></eq></condition><then><action id="9246" keepActivity="0" type="StartMission"/></then></action><action type="If"><condition><eq><var>current_position </var><string>B2</string></eq></condition><then><action type="If"><condition><eq><var>position_i </var><string>B2</string></eq></condition><then><action id="9203" keepActivity="0" type="StartMission"/></then><else><action id="9244" keepActivity="0" type="StartMission"/></else></action></then></action><action type="If"><condition><eq><var>current_position </var><string>B1</string></eq></condition><then><action type="If"><condition><eq><var>position_i </var><string>B1</string></eq></condition><then/><else><action id="9241" keepActivity="0" type="StartMission"/></else></action></then></action><action type="If"><condition><eq><var>current_position </var><string>A2</string></eq></condition><then><action id="9243" keepActivity="0" type="StartMission"/></then></action><action type="If"><condition><eq><var>current_position </var><string>A4</string></eq></condition><then><action id="9247" keepActivity="0" type="StartMission"/></then></action><action type="If"><condition><eq><var>current_position </var><string>C4</string></eq></condition><then><action type="If"><condition><eq><var>position_i </var><string>C4</string></eq></condition><then><action id="9264" keepActivity="0" type="StartMission"/></then><else><action id="9263" keepActivity="0" type="StartMission"/></else></action></then></action></then></action></rule></onStart></mission><mission duration="1410064408" id="9221" image="files/1_b3.jpg" type="StartAndExitScreen"><onStart><rule><action type="SetVariable" var="current_position"><value><string>B3</string></value></action></rule></onStart><onTap><rule><action type="If"><condition><and><lt><var> $_tap.x </var><num> 444 </num></lt><lt><var> $_tap.y </var><num>  950</num></lt><gt><var>$_tap.x </var><num> 70 </num></gt><gt><var> $_tap.y </var><num> 860 </num></gt></and></condition><then><action id="9204" keepActivity="1" type="StartMission"/></then></action><action type="If"><condition><and><lt><var>$_tap.x </var><num> 100 </num></lt><lt><var> $_tap.y </var><num>  450</num></lt><gt><var> $_tap.y </var><num> 150 </num></gt></and></condition><then><action type="SetVariable" var="current_position"><value><string>A3</string></value></action><action type="If"><condition><eq><var>i_is_in_inventory </var><string>true</string></eq></condition><then><action type="SetVariable" var="position_i"><value><string>B3</string></value></action><action message="i had to stay back" type="ShowMessage"/><action type="SetVariable" var="i_is_in_inventory"><value><string>false</string></value></action></then></action><action id="9206" keepActivity="0" type="StartMission"/></then></action><action type="If"><condition><and><lt><var> $_tap.y </var><num>  450</num></lt><gt><var>$_tap.x </var><num> 900 </num></gt><gt><var> $_tap.y </var><num> 150 </num></gt></and></condition><then><action message="There's no pathway." type="ShowMessage"/></then></action><action type="If"><condition><and><lt><var> $_tap.x </var><num> 850 </num></lt><lt><var> $_tap.y </var><num>  650</num></lt><gt><var>$_tap.x </var><num> 150 </num></gt><gt><var> $_tap.y </var><num> 500 </num></gt></and></condition><then><action type="SetVariable" var="current_position"><value><string>B4</string></value></action><action id="9206" keepActivity="0" type="StartMission"/></then></action><action type="If"><condition><and><lt><var> $_tap.x </var><num> 850 </num></lt><lt><var> $_tap.y </var><num> 100</num></lt><gt><var>$_tap.x </var><num> 150 </num></gt></and></condition><then><action type="If"><condition><eq><var>i_is_in_inventory </var><string>true</string></eq></condition><then><action type="SetVariable" var="i_is_in_inventory"><value><string>false</string></value></action><action type="SetVariable" var="position_i"><value><string>B3</string></value></action><action message="i had to stay back" type="ShowMessage"/></then></action><action type="SetVariable" var="current_position"><value><string>B2</string></value></action><action id="9206" keepActivity="0" type="StartMission"/></then></action></rule></onTap></mission><mission duration="1410064408" id="9241" image="files/1_b1.jpg" type="StartAndExitScreen"><onStart><rule><action type="SetVariable" var="current_position"><value><string>B1</string></value></action></rule></onStart><onTap><rule><action type="If"><condition><and><lt><var> $_tap.x </var><num> 444 </num></lt><lt><var> $_tap.y </var><num>  950</num></lt><gt><var>$_tap.x </var><num> 70 </num></gt><gt><var> $_tap.y </var><num> 860 </num></gt></and></condition><then><action id="9204" keepActivity="1" type="StartMission"/></then></action><action type="If"><condition><and><lt><var>$_tap.x </var><num> 100 </num></lt><lt><var> $_tap.y </var><num>  450</num></lt><gt><var> $_tap.y </var><num> 150 </num></gt></and></condition><then><action message="There's nothing to go to. " type="ShowMessage"/></then></action><action type="If"><condition><and><lt><var> $_tap.y </var><num>  450</num></lt><gt><var>$_tap.x </var><num> 900 </num></gt><gt><var> $_tap.y </var><num> 150 </num></gt></and></condition><then><action message="The path is blocked by the storm." type="ShowMessage"/></then></action><action type="If"><condition><and><lt><var> $_tap.x </var><num> 850 </num></lt><lt><var> $_tap.y </var><num>  650</num></lt><gt><var>$_tap.x </var><num> 150 </num></gt><gt><var> $_tap.y </var><num> 500 </num></gt></and></condition><then><action type="SetVariable" var="current_position"><value><string>B2</string></value></action><action id="9206" keepActivity="0" type="StartMission"/></then></action><action type="If"><condition><and><lt><var> $_tap.x </var><num> 850 </num></lt><lt><var> $_tap.y </var><num> 100</num></lt><gt><var>$_tap.x </var><num> 150 </num></gt></and></condition><then><action message="There's nothing to go to." type="ShowMessage"/></then></action><action type="If"><condition><and><lt><var> $_tap.x </var><num> 750 </num></lt><lt><var> $_tap.y </var><num> 450</num></lt><gt><var>$_tap.x </var><num> 250 </num></gt><gt><var> $_tap.y </var><num> 120 </num></gt></and></condition><then><action type="If"><condition><eq><var>i_is_in_inventory </var><string>true</string></eq></condition><then><action type="If"><condition><eq><var>i </var><num> 0</num></eq></condition><then><action id="9129" keepActivity="0" type="StartMission"/></then><else><action id="9268" keepActivity="0" type="StartMission"/></else></action></then></action></then></action></rule></onTap></mission><mission duration="1410064408" id="9243" image="files/1_a2.jpg" type="StartAndExitScreen"><onStart><rule><action type="SetVariable" var="current_position"><value><string>B3</string></value></action></rule></onStart><onTap><rule><action type="If"><condition><and><lt><var> $_tap.x </var><num> 444 </num></lt><lt><var> $_tap.y </var><num>  950</num></lt><gt><var>$_tap.x </var><num> 70 </num></gt><gt><var> $_tap.y </var><num> 860 </num></gt></and></condition><then><action id="9204" keepActivity="1" type="StartMission"/></then></action><action type="If"><condition><and><lt><var>$_tap.x </var><num> 100 </num></lt><lt><var> $_tap.y </var><num>  450</num></lt><gt><var> $_tap.y </var><num> 150 </num></gt></and></condition><then><action message="There's no pathway here." type="ShowMessage"/></then></action><action type="If"><condition><and><lt><var> $_tap.y </var><num>  450</num></lt><gt><var>$_tap.x </var><num> 900 </num></gt><gt><var> $_tap.y </var><num> 150 </num></gt></and></condition><then><action type="SetVariable" var="current_position"><value><string>B2</string></value></action><action id="9206" keepActivity="0" type="StartMission"/></then></action><action type="If"><condition><and><lt><var> $_tap.x </var><num> 850 </num></lt><lt><var> $_tap.y </var><num>  650</num></lt><gt><var>$_tap.x </var><num> 150 </num></gt><gt><var> $_tap.y </var><num> 500 </num></gt></and></condition><then><action type="SetVariable" var="current_position"><value><string>A3</string></value></action><action id="9206" keepActivity="0" type="StartMission"/></then></action><action type="If"><condition><and><lt><var> $_tap.x </var><num> 850 </num></lt><lt><var> $_tap.y </var><num> 100</num></lt><gt><var>$_tap.x </var><num> 150 </num></gt></and></condition><then><action message="There's no pathway here." type="ShowMessage"/></then></action></rule></onTap></mission><mission duration="1410064408" id="9244" image="files/2_b2.jpg" type="StartAndExitScreen"><onStart><rule><action type="SetVariable" var="current_position"><value><string>B2</string></value></action><action type="If"><condition><eq><var>b2first11 </var><num> 1</num></eq></condition><then><action type="IncrementVariable" var="be2first11"/></then><else><action type="SetVariable" var="be2first11"><value><num>1</num></value></action></else></action></rule></onStart><onTap><rule><action type="If"><condition><and><lt><var> $_tap.x </var><num> 444 </num></lt><lt><var> $_tap.y </var><num>  950</num></lt><gt><var>$_tap.x </var><num> 70 </num></gt><gt><var> $_tap.y </var><num> 860 </num></gt></and></condition><then><action id="9204" keepActivity="1" type="StartMission"/></then></action><action type="If"><condition><and><lt><var>$_tap.x </var><num> 100 </num></lt><lt><var> $_tap.y </var><num>  450</num></lt><gt><var> $_tap.y </var><num> 150 </num></gt></and></condition><then><action id="9243" keepActivity="0" type="StartMission"/><action type="If"><condition><eq><var>i_is_in_inventory </var><string>true</string></eq></condition><then><action message="i musste zurückbleiben" type="ShowMessage"/><action type="SetVariable" var="i_is_in_inventory"><value><string>false</string></value></action><action type="SetVariable" var="position_i"><value><string>B2</string></value></action></then></action></then></action><action type="If"><condition><and><lt><var> $_tap.y </var><num>  450</num></lt><gt><var>$_tap.x </var><num> 900 </num></gt><gt><var> $_tap.y </var><num> 150 </num></gt></and></condition><then><action message="There's no path to follow here." type="ShowMessage"/></then></action><action type="If"><condition><and><lt><var> $_tap.x </var><num> 850 </num></lt><lt><var> $_tap.y </var><num>  650</num></lt><gt><var>$_tap.x </var><num> 150 </num></gt><gt><var> $_tap.y </var><num> 500 </num></gt></and></condition><then><action type="SetVariable" var="current_position"><value><string>B3</string></value></action><action id="9206" keepActivity="0" type="StartMission"/></then></action><action type="If"><condition><and><lt><var> $_tap.x </var><num> 850 </num></lt><lt><var> $_tap.y </var><num> 100</num></lt><gt><var>$_tap.x </var><num> 150 </num></gt></and></condition><then><action id="9241" keepActivity="0" type="StartMission"/></then></action></rule></onTap></mission><mission duration="1410064408" id="9246" image="files/1_a3.jpg" type="StartAndExitScreen"><onStart><rule><action type="SetVariable" var="current_position"><value><string>B3</string></value></action></rule></onStart><onTap><rule><action type="If"><condition><and><lt><var> $_tap.x </var><num> 444 </num></lt><lt><var> $_tap.y </var><num>  950</num></lt><gt><var>$_tap.x </var><num> 70 </num></gt><gt><var> $_tap.y </var><num> 860 </num></gt></and></condition><then><action id="9204" keepActivity="1" type="StartMission"/></then></action><action type="If"><condition><and><lt><var>$_tap.x </var><num> 100 </num></lt><lt><var> $_tap.y </var><num>  450</num></lt><gt><var> $_tap.y </var><num> 150 </num></gt></and></condition><then><action message="There's no pathway." type="ShowMessage"/></then></action><action type="If"><condition><and><lt><var> $_tap.y </var><num>  450</num></lt><gt><var>$_tap.x </var><num> 900 </num></gt><gt><var> $_tap.y </var><num> 150 </num></gt></and></condition><then><action type="SetVariable" var="current_position"><value><string>B3</string></value></action><action id="9206" keepActivity="0" type="StartMission"/></then></action><action type="If"><condition><and><lt><var> $_tap.x </var><num> 850 </num></lt><lt><var> $_tap.y </var><num>  650</num></lt><gt><var>$_tap.x </var><num> 150 </num></gt><gt><var> $_tap.y </var><num> 500 </num></gt></and></condition><then><action type="SetVariable" var="current_position"><value><string>A4</string></value></action><action id="9206" keepActivity="0" type="StartMission"/></then></action><action type="If"><condition><and><lt><var> $_tap.x </var><num> 850 </num></lt><lt><var> $_tap.y </var><num> 100</num></lt><gt><var>$_tap.x </var><num> 150 </num></gt></and></condition><then><action type="SetVariable" var="current_position"><value><string>A2</string></value></action><action id="9206" keepActivity="0" type="StartMission"/></then></action></rule></onTap></mission><mission duration="1410064408" id="9247" image="files/1_a4.jpg" type="StartAndExitScreen"><onStart><rule><action type="SetVariable" var="current_position"><value><string>B3</string></value></action></rule></onStart><onTap><rule><action type="If"><condition><and><lt><var> $_tap.x </var><num> 444 </num></lt><lt><var> $_tap.y </var><num>  950</num></lt><gt><var>$_tap.x </var><num> 70 </num></gt><gt><var> $_tap.y </var><num> 860 </num></gt></and></condition><then><action id="9204" keepActivity="0" type="StartMission"/></then></action><action type="If"><condition><and><lt><var>$_tap.x </var><num> 100 </num></lt><lt><var> $_tap.y </var><num>  450</num></lt><gt><var> $_tap.y </var><num> 150 </num></gt></and></condition><then><action message="There's no pathway." type="ShowMessage"/></then></action><action type="If"><condition><and><lt><var> $_tap.y </var><num>  450</num></lt><gt><var>$_tap.x </var><num> 900 </num></gt><gt><var> $_tap.y </var><num> 150 </num></gt></and></condition><then><action type="SetVariable" var="current_position"><value><string>B4</string></value></action><action id="9206" keepActivity="0" type="StartMission"/></then></action><action type="If"><condition><and><lt><var> $_tap.x </var><num> 850 </num></lt><lt><var> $_tap.y </var><num>  650</num></lt><gt><var>$_tap.x </var><num> 150 </num></gt><gt><var> $_tap.y </var><num> 500 </num></gt></and></condition><then><action type="If"><condition><eq><var>i_in_inventory </var><string>false</string></eq></condition><then><action keepActivity="0" type="StartMission"/></then><else><action keepActivity="0" type="StartMission"/></else></action></then></action><action type="If"><condition><and><lt><var> $_tap.x </var><num> 850 </num></lt><lt><var> $_tap.y </var><num> 100</num></lt><gt><var>$_tap.x </var><num> 150 </num></gt></and></condition><then><action type="SetVariable" var="current_position"><value><string>A3</string></value></action><action id="9206" keepActivity="0" type="StartMission"/></then></action></rule></onTap></mission><mission duration="1410064408" id="9248" image="files/2_b4.jpg" type="StartAndExitScreen"><onStart><rule><action type="SetVariable" var="current_position"><value><string>B3</string></value></action></rule></onStart><onTap><rule><action type="If"><condition><and><lt><var> $_tap.x </var><num> 444 </num></lt><lt><var> $_tap.y </var><num>  950</num></lt><gt><var>$_tap.x </var><num> 70 </num></gt><gt><var> $_tap.y </var><num> 860 </num></gt></and></condition><then><action id="9204" keepActivity="1" type="StartMission"/></then></action><action type="If"><condition><and><lt><var>$_tap.x </var><num> 100 </num></lt><lt><var> $_tap.y </var><num>  450</num></lt><gt><var> $_tap.y </var><num> 150 </num></gt></and></condition><then><action type="SetVariable" var="current_position"><value><string>A4</string></value></action><action id="9206" keepActivity="0" type="StartMission"/><action type="If"><condition><eq><var>i_is_in_inventory </var><string>true</string></eq></condition><then><action type="ShowMessage"/></then></action></then></action><action type="If"><condition><and><lt><var> $_tap.y </var><num>  450</num></lt><gt><var>$_tap.x </var><num> 900 </num></gt><gt><var> $_tap.y </var><num> 150 </num></gt></and></condition><then><action type="SetVariable" var="current_position"><value><string>C4</string></value></action><action id="9206" keepActivity="0" type="StartMission"/></then></action><action type="If"><condition><and><lt><var> $_tap.x </var><num> 850 </num></lt><lt><var> $_tap.y </var><num>  650</num></lt><gt><var>$_tap.x </var><num> 150 </num></gt><gt><var> $_tap.y </var><num> 500 </num></gt></and></condition><then><action message="There's no pathway here." type="ShowMessage"/></then></action><action type="If"><condition><and><lt><var> $_tap.x </var><num> 850 </num></lt><lt><var> $_tap.y </var><num> 100</num></lt><gt><var>$_tap.x </var><num> 150 </num></gt></and></condition><then><action id="9206" keepActivity="0" type="StartMission"/><action type="If"><condition><eq><var>i_is_in_inventory </var><string>true</string></eq></condition><then><action type="SetVariable" var="position_i"><value><string>B4</string></value></action><action type="SetVariable" var="i_is_in_inventory"><value><string>false</string></value></action><action message="i had to stay back" type="ShowMessage"/></then></action><action type="SetVariable" var="current_position"><value><string>B3</string></value></action></then></action></rule></onTap></mission><mission duration="1410064408" id="9261" image="files/1_b4i.jpg" type="StartAndExitScreen"><onStart><rule><action type="SetVariable" var="current_position"><value><string>B3</string></value></action></rule></onStart><onTap><rule><action type="If"><condition><and><lt><var> $_tap.x </var><num> 444 </num></lt><lt><var> $_tap.y </var><num>  950</num></lt><gt><var>$_tap.x </var><num> 70 </num></gt><gt><var> $_tap.y </var><num> 860 </num></gt></and></condition><then><action id="9204" keepActivity="1" type="StartMission"/></then></action><action type="If"><condition><and><lt><var>$_tap.x </var><num> 100 </num></lt><lt><var> $_tap.y </var><num>  450</num></lt><gt><var> $_tap.y </var><num> 150 </num></gt></and></condition><then><action type="SetVariable" var="current_position"><value><string>A4</string></value></action><action id="9206" keepActivity="0" type="StartMission"/><action type="If"><condition><eq><var>i_is_in_inventory </var><string>true</string></eq></condition><then><action type="ShowMessage"/></then></action></then></action><action type="If"><condition><and><lt><var> $_tap.y </var><num>  450</num></lt><gt><var>$_tap.x </var><num> 900 </num></gt><gt><var> $_tap.y </var><num> 150 </num></gt></and></condition><then><action type="SetVariable" var="current_position"><value><string>C4</string></value></action><action id="9206" keepActivity="0" type="StartMission"/></then></action><action type="If"><condition><and><lt><var> $_tap.x </var><num> 850 </num></lt><lt><var> $_tap.y </var><num>  650</num></lt><gt><var>$_tap.x </var><num> 150 </num></gt><gt><var> $_tap.y </var><num> 500 </num></gt></and></condition><then><action message="There's no pathway here." type="ShowMessage"/></then></action><action type="If"><condition><and><lt><var> $_tap.x </var><num> 850 </num></lt><lt><var> $_tap.y </var><num> 100</num></lt><gt><var>$_tap.x </var><num> 150 </num></gt></and></condition><then><action type="SetVariable" var="current_position"><value><string>B3</string></value></action><action id="9206" keepActivity="0" type="StartMission"/></then></action><action type="If"><condition><and><lt><var> $_tap.x </var><num> 420 </num></lt><lt><var> $_tap.y </var><num> 400 </num></lt><gt><var>$_tap.x </var><num> 200 </num></gt><gt><var> $_tap.y </var><num> 280</num></gt></and></condition><then><action id="9248" keepActivity="0" type="StartMission"/><action type="SetVariable" var="i_is_in_inventory"><value><string>true</string></value></action><action type="SetVariable" var="position_i"><value><string>inv</string></value></action></then></action></rule></onTap></mission><mission duration="1410064408" id="9262" image="files/1_b3i.jpg" type="StartAndExitScreen"><onStart><rule><action type="SetVariable" var="current_position"><value><string>B3</string></value></action></rule></onStart><onTap><rule><action type="If"><condition><and><lt><var> $_tap.x </var><num> 444 </num></lt><lt><var> $_tap.y </var><num>  950</num></lt><gt><var>$_tap.x </var><num> 70 </num></gt><gt><var> $_tap.y </var><num> 860 </num></gt></and></condition><then><action id="9204" keepActivity="1" type="StartMission"/></then></action><action type="If"><condition><and><lt><var>$_tap.x </var><num> 100 </num></lt><lt><var> $_tap.y </var><num>  450</num></lt><gt><var> $_tap.y </var><num> 150 </num></gt></and></condition><then><action type="SetVariable" var="current_position"><value><string>A3</string></value></action><action id="9206" keepActivity="0" type="StartMission"/></then></action><action type="If"><condition><and><lt><var> $_tap.y </var><num>  450</num></lt><gt><var>$_tap.x </var><num> 900 </num></gt><gt><var> $_tap.y </var><num> 150 </num></gt></and></condition><then><action message="There's no pathway." type="ShowMessage"/></then></action><action type="If"><condition><and><lt><var> $_tap.x </var><num> 850 </num></lt><lt><var> $_tap.y </var><num>  650</num></lt><gt><var>$_tap.x </var><num> 150 </num></gt><gt><var> $_tap.y </var><num> 500 </num></gt></and></condition><then><action type="SetVariable" var="current_position"><value><string>B4</string></value></action><action id="9206" keepActivity="0" type="StartMission"/></then></action><action type="If"><condition><and><lt><var> $_tap.x </var><num> 850 </num></lt><lt><var> $_tap.y </var><num> 100</num></lt><gt><var>$_tap.x </var><num> 150 </num></gt></and></condition><then><action type="SetVariable" var="current_position"><value><string>B2</string></value></action><action id="9206" keepActivity="0" type="StartMission"/></then></action><action type="If"><condition><and><lt><var> $_tap.x </var><num> 830 </num></lt><lt><var> $_tap.y </var><num> 420 </num></lt><gt><var>$_tap.x </var><num> 610 </num></gt><gt><var> $_tap.y </var><num> 300</num></gt></and></condition><then><action type="SetVariable" var="i_is_in_inventory"><value><string>true</string></value></action><action type="SetVariable" var="position_i"><value><string>inv</string></value></action><action id="9221" keepActivity="0" type="StartMission"/></then></action></rule></onTap></mission><mission duration="1410064408" id="9263" image="files/1_c4.jpg" type="StartAndExitScreen"><onStart><rule><action type="SetVariable" var="current_position"><value><string>B3</string></value></action></rule></onStart><onTap><rule><action type="If"><condition><and><lt><var> $_tap.x </var><num> 444 </num></lt><lt><var> $_tap.y </var><num>  950</num></lt><gt><var>$_tap.x </var><num> 70 </num></gt><gt><var> $_tap.y </var><num> 860 </num></gt></and></condition><then><action id="9204" keepActivity="1" type="StartMission"/></then></action><action type="If"><condition><and><lt><var>$_tap.x </var><num> 100 </num></lt><lt><var> $_tap.y </var><num>  450</num></lt><gt><var> $_tap.y </var><num> 150 </num></gt></and></condition><then><action type="SetVariable" var="current_position"><value><string>B4</string></value></action><action id="9206" keepActivity="0" type="StartMission"/><action type="If"><condition><eq><var>i_is_in_inventory </var><string>true</string></eq></condition><then><action type="ShowMessage"/><action type="SetVariable"/><action type="SetVariable" var="position_i"><value><string>C4</string></value></action><action type="SetVariable" var="i_is_in_inventory"><value><string>false</string></value></action></then></action></then></action><action type="If"><condition><and><lt><var> $_tap.y </var><num>  450</num></lt><gt><var>$_tap.x </var><num> 900 </num></gt><gt><var> $_tap.y </var><num> 150 </num></gt></and></condition><then><action type="If"><condition><eq><var>i_is_in_inventory </var><string>true</string></eq></condition><then><action type="ShowMessage"/></then><else><action type="SetVariable" var="current_position"><value><string>D4</string></value></action><action id="9206" keepActivity="0" type="StartMission"/></else></action></then></action><action type="If"><condition><and><lt><var> $_tap.x </var><num> 850 </num></lt><lt><var> $_tap.y </var><num>  650</num></lt><gt><var>$_tap.x </var><num> 150 </num></gt><gt><var> $_tap.y </var><num> 500 </num></gt></and></condition><then><action message="There's no pathway here." type="ShowMessage"/></then></action><action type="If"><condition><and><lt><var> $_tap.x </var><num> 850 </num></lt><lt><var> $_tap.y </var><num> 100</num></lt><gt><var>$_tap.x </var><num> 150 </num></gt></and></condition><then><action message="There's no pathway here." type="ShowMessage"/></then></action><action type="If"><condition><and><lt><var> $_tap.x </var><num> 800 </num></lt><lt><var> $_tap.y </var><num> 430 </num></lt><gt><var>$_tap.x </var><num> 200 </num></gt><gt><var> $_tap.y </var><num> 170</num></gt></and></condition><then><action type="If"><condition><and><eq><var>i_is_in_inventory </var><string>true</string></eq><eq><var> firstwhile </var><num> 1</num></eq></and></condition><then><action type="If"><condition><eq><var>i </var><num> 0</num></eq></condition><then><action id="9137" keepActivity="0" type="StartMission"/></then><else><action id="9275" keepActivity="0" type="StartMission"/></else></action></then><else/></action></then></action></rule></onTap></mission><mission duration="1410064408" id="9264" image="files/1_c4-i.jpg" type="StartAndExitScreen"><onStart><rule><action type="SetVariable" var="current_position"><value><string>B3</string></value></action></rule></onStart><onTap><rule><action type="If"><condition><and><lt><var> $_tap.x </var><num> 444 </num></lt><lt><var> $_tap.y </var><num>  950</num></lt><gt><var>$_tap.x </var><num> 70 </num></gt><gt><var> $_tap.y </var><num> 860 </num></gt></and></condition><then><action id="9204" keepActivity="1" type="StartMission"/></then></action><action type="If"><condition><and><lt><var>$_tap.x </var><num> 100 </num></lt><lt><var> $_tap.y </var><num>  450</num></lt><gt><var> $_tap.y </var><num> 150 </num></gt></and></condition><then><action type="SetVariable" var="current_position"><value><string>B4</string></value></action><action id="9206" keepActivity="0" type="StartMission"/><action type="If"><condition><eq><var>i_is_in_inventory </var><string>true</string></eq></condition><then><action type="ShowMessage"/><action type="SetVariable" var="i_is_in_inventory"><value><string>false</string></value></action><action type="SetVariable"/><action type="SetVariable" var="position_i"><value><string>C4</string></value></action></then></action></then></action><action type="If"><condition><and><lt><var> $_tap.y </var><num>  450</num></lt><gt><var>$_tap.x </var><num> 900 </num></gt><gt><var> $_tap.y </var><num> 150 </num></gt></and></condition><then><action type="If"><condition><eq><var>i_is_in_inventory </var><string>true</string></eq></condition><then><action type="ShowMessage"/></then><else><action type="SetVariable" var="current_position"><value><string>D4</string></value></action><action id="9206" keepActivity="0" type="StartMission"/></else></action></then></action><action type="If"><condition><and><lt><var> $_tap.x </var><num> 850 </num></lt><lt><var> $_tap.y </var><num>  650</num></lt><gt><var>$_tap.x </var><num> 150 </num></gt><gt><var> $_tap.y </var><num> 500 </num></gt></and></condition><then><action message="There's no pathway here." type="ShowMessage"/></then></action><action type="If"><condition><and><lt><var> $_tap.x </var><num> 850 </num></lt><lt><var> $_tap.y </var><num> 100</num></lt><gt><var>$_tap.x </var><num> 150 </num></gt></and></condition><then><action message="There's no pathway here." type="ShowMessage"/></then></action><action type="If"><condition><and><lt><var> $_tap.x </var><num> 800 </num></lt><lt><var> $_tap.y </var><num> 430 </num></lt><gt><var>$_tap.x </var><num> 200 </num></gt><gt><var> $_tap.y </var><num> 170</num></gt></and></condition><then><action type="If"><condition><eq><var>i_is_in_inventory </var><string>true</string></eq></condition><then><action id="9137" keepActivity="0" type="StartMission"/></then><else/></action></then></action><action type="If"><condition><and><lt><var> $_tap.x </var><num> 860 </num></lt><lt><var> $_tap.y </var><num> 530  </num></lt><gt><var>$_tap.x </var><num> 700 </num></gt><gt><var> $_tap.y </var><num> 430</num></gt></and></condition><then><action type="SetVariable" var="i_is_in_inventory"><value><string>true</string></value></action><action type="SetVariable" var="position_i"><value><string>inv</string></value></action><action id="9206" keepActivity="0" type="StartMission"/></then></action></rule></onTap></mission><mission duration="1410064408" id="9265" image="files/2_d6.jpg" type="StartAndExitScreen"><onTap><rule><action type="If"><condition><and><lt><var> $_tap.x </var><num> 444 </num></lt><lt><var> $_tap.y </var><num>  950</num></lt><gt><var>$_tap.x </var><num> 70 </num></gt><gt><var> $_tap.y </var><num> 860 </num></gt></and></condition><then><action id="9204" keepActivity="1" type="StartMission"/></then></action><action type="If"><condition><and><lt><var>$_tap.x </var><num> 100 </num></lt><lt><var> $_tap.y </var><num>  450</num></lt><gt><var> $_tap.y </var><num> 150 </num></gt></and></condition><then><action message="There's no pathway here." type="ShowMessage"/></then></action><action type="If"><condition><and><lt><var> $_tap.y </var><num>  450</num></lt><gt><var>$_tap.x </var><num> 900 </num></gt><gt><var> $_tap.y </var><num> 150 </num></gt></and></condition><then><action message="There's no pathway here." type="ShowMessage"/></then></action><action type="If"><condition><and><lt><var> $_tap.x </var><num> 850 </num></lt><lt><var> $_tap.y </var><num>  650</num></lt><gt><var>$_tap.x </var><num> 150 </num></gt><gt><var> $_tap.y </var><num> 500 </num></gt></and></condition><then><action message="There's no pathway here." type="ShowMessage"/></then></action><action type="If"><condition><and><lt><var> $_tap.x </var><num> 850 </num></lt><lt><var> $_tap.y </var><num> 100</num></lt><gt><var>$_tap.x </var><num> 150 </num></gt></and></condition><then><action message="There's no pathway here." type="ShowMessage"/></then></action><action type="If"><condition><and><lt><var> $_tap.x </var><num> 800 </num></lt><lt><var> $_tap.y </var><num> 430 </num></lt><gt><var>$_tap.x </var><num> 200 </num></gt><gt><var> $_tap.y </var><num> 170</num></gt></and></condition><then><action type="SetVariable" var="current_position"><value><string>B1</string></value></action><action type="SetVariable" var="i"><value><sum><var>i</var><num>2</num></sum></value></action><action id="9266" keepActivity="0" type="StartMission"/></then></action></rule></onTap></mission><mission endbuttontext="Continue" id="9266" mode="wordticker" nextdialogbuttontext="Continue" textsize="30sp" type="NPCTalk"><onEnd><rule><action id="9206" keepActivity="0" type="StartMission"/></rule></onEnd><dialogitem blocking="true" id="8841">i now has the value @i@.</dialogitem></mission><mission duration="1410064408" id="9267" image="files/2_b6.jpg" type="StartAndExitScreen"><onTap><rule><action type="If"><condition><and><lt><var> $_tap.x </var><num> 444 </num></lt><lt><var> $_tap.y </var><num>  950</num></lt><gt><var>$_tap.x </var><num> 70 </num></gt><gt><var> $_tap.y </var><num> 860 </num></gt></and></condition><then><action id="9204" keepActivity="1" type="StartMission"/></then></action><action type="If"><condition><and><lt><var>$_tap.x </var><num> 100 </num></lt><lt><var> $_tap.y </var><num>  450</num></lt><gt><var> $_tap.y </var><num> 150 </num></gt></and></condition><then><action message="There's no pathway here." type="ShowMessage"/></then></action><action type="If"><condition><and><lt><var> $_tap.y </var><num>  450</num></lt><gt><var>$_tap.x </var><num> 900 </num></gt><gt><var> $_tap.y </var><num> 150 </num></gt></and></condition><then><action message="There's no pathway here." type="ShowMessage"/></then></action><action type="If"><condition><and><lt><var> $_tap.x </var><num> 850 </num></lt><lt><var> $_tap.y </var><num>  650</num></lt><gt><var>$_tap.x </var><num> 150 </num></gt><gt><var> $_tap.y </var><num> 500 </num></gt></and></condition><then><action message="There's no pathway here." type="ShowMessage"/></then></action><action type="If"><condition><and><lt><var> $_tap.x </var><num> 850 </num></lt><lt><var> $_tap.y </var><num> 100</num></lt><gt><var>$_tap.x </var><num> 150 </num></gt></and></condition><then><action message="There's no pathway here." type="ShowMessage"/></then></action><action type="If"><condition><and><lt><var> $_tap.x </var><num> 800 </num></lt><lt><var> $_tap.y </var><num> 430 </num></lt><gt><var>$_tap.x </var><num> 200 </num></gt><gt><var> $_tap.y </var><num> 170</num></gt></and></condition><then><action type="SetVariable" var="current_position"><value><string>B1</string></value></action><action type="SetVariable" var="i"><value><multiply><var>i</var><num>5</num></multiply></value></action><action id="9266" keepActivity="0" type="StartMission"/></then></action></rule></onTap></mission><mission endbuttontext="Continue" id="9268" image="files/1_while.jpg" mode="wordticker" nextdialogbuttontext="Continue" textsize="30sp" type="NPCTalk"><onEnd><rule><action type="If"><condition><lt><var>i </var><num> 20</num></lt></condition><then><action id="9269" keepActivity="0" type="StartMission"/></then><else><action id="9271" keepActivity="0" type="StartMission"/></else></action></rule></onEnd><dialogitem blocking="true" id="8842">You... You came back?? Did you reach a value of at least 20 yet?</dialogitem></mission><mission endbuttontext="Continue" id="9269" image="files/2_while.jpg" mode="wordticker" nextdialogbuttontext="Continue" textsize="30sp" type="NPCTalk"><onEnd><rule><action id="9241" keepActivity="0" type="StartMission"/></rule></onEnd><dialogitem blocking="true" id="8843">I guess not. That's a pity. You'll have to go again.</dialogitem></mission><mission endbuttontext="Continue" id="9271" image="files/3_while.jpg" mode="wordticker" nextdialogbuttontext="Continue" textsize="30sp" type="NPCTalk"><onEnd><rule><action id="9272" keepActivity="0" type="StartMission"/></rule></onEnd><dialogitem blocking="true" id="8846">You did? That's....</dialogitem></mission><mission endbuttontext="Continue" id="9272" image="files/1_while-nice.jpg" mode="wordticker" nextdialogbuttontext="Continue" textsize="30sp" type="NPCTalk"><onEnd><rule><action id="9273" keepActivity="0" type="StartMission"/></rule></onEnd><dialogitem blocking="true" id="8845">Amazing!</dialogitem><dialogitem blocking="true" id="8847">Now you can head to the next function.</dialogitem></mission><mission endbuttontext="Continue" id="9273" image="files/1_i.jpg" mode="wordticker" nextdialogbuttontext="Continue" textsize="30sp" type="NPCTalk"><onEnd><rule><action id="9200" keepActivity="0" type="StartMission"/></rule></onEnd><dialogitem blocking="true" id="8848">I can't wait for all the adventures ahead.</dialogitem><dialogitem blocking="true" id="8849">I hope you come with me, @name@? Let's go!</dialogitem></mission><mission endbuttontext="Continue" id="9275" image="files/2_if.jpg" mode="wordticker" nextdialogbuttontext="Continue" textsize="30sp" type="NPCTalk"><onEnd><rule><action id="9267" keepActivity="0" type="StartMission"/></rule></onEnd><dialogitem blocking="true" id="8851" speaker="IF">Not you again! You're not zero anymore? So .. what are you waiting for?</dialogitem><dialogitem blocking="true" id="8852" speaker="IF">Hop on my branches and get it over with.</dialogitem></mission></game>