<?xml version="1.0" encoding="UTF-8"?>
<game
	name="Bibelweg durch Köln"
	xmlformat="5"
>
	<mission
		type="VideoPlay"
		id="M_Start_Video"
		file="videos/start.mp4"
	>
		<onStart>
			<rule>
				<action type="Vibrate" />
			</rule>
		</onStart>
		<onEnd>
			<rule>
				<action
					type="StartMission"
					id="M_StartInfo" />
			</rule>
		</onEnd>
	</mission>
	<mission
		type="NPCTalk"
		id="M_StartInfo"
		image="images/start.jpg"
		nextdialogbuttontext="Weiter ..."
		endbuttontext="Zur Karte..."
		name="Intro"
	>
		<onEnd>
			<rule>
				<action
					type="StartMission"
					id="M_Map" />
			</rule>
		</onEnd>
		<dialogitem sound="sound/startinfo_1.mp3"> Auf der Karte, die du gleich siehst,
			sind alle Stationen eingezeichnet.
		</dialogitem>
		<dialogitem sound="sound/startinfo_2.mp3"> Wenn du zu den Stationen gehst, starten
			die Filme.
		</dialogitem>
	</mission>
	<mission
		type="OSMap"
		id="M_Map"
		zoomlevel="18"
	>
		<hotspots>
			<hotspot
				id="HS_Hochhaus"
				latlong="50.95056,6.959753"
				radius="30"
				initialVisibility="true"
				img="icons/geoIcon.png"
			>
				<onEnter>
					<rule>
						<if>
							<missionState
								id="M_Hochhaus_Intro"
								state="new"
							></missionState>
						</if>
						<action
							type="StartMission"
							id="M_Hochhaus_Intro" />
					</rule>
				</onEnter>
			</hotspot>
			<hotspot
				id="HS_Park"
				latlong="50.950269,6.962306"
				radius="30"
				initialVisibility="true"
				img="icons/geoIcon.png"
			>
				<onEnter>
					<rule>
						<if>
							<missionState
								id="M_Park_Intro"
								state="new"
							></missionState>
						</if>
						<action
							type="StartMission"
							id="M_Park_Intro" />
					</rule>
				</onEnter>
			</hotspot>
			<hotspot
				id="HS_Rheinufer"
				latlong="50.946944,6.963626"
				radius="30"
				initialVisibility="true"
				img="icons/geoIcon.png"
			>
				<onEnter>
					<rule>
						<if>
							<missionState
								id="M_Rheinufer_Intro"
								state="new"
							></missionState>
						</if>
						<action
							type="StartMission"
							id="M_Rheinufer_Intro" />
					</rule>
				</onEnter>
			</hotspot>
			<hotspot
				id="HS_Strassenzug"
				latlong="50.949032,6.96192"
				radius="30"
				initialVisibility="true"
				img="icons/geoIcon.png"
			>
				<onEnter>
					<rule>
						<if>
							<missionState
								id="M_Strassenzug_Intro"
								state="new"
							></missionState>
						</if>
						<action
							type="StartMission"
							id="M_Strassenzug_Intro" />
					</rule>
				</onEnter>
			</hotspot>
			<hotspot
				id="HS_Wasserpumpe"
				latlong="50.948282,6.960665"
				radius="30"
				initialVisibility="true"
				img="icons/geoIcon.png"
			>
				<onEnter>
					<rule>
						<if>
							<missionState
								id="M_Wasserpumpe_Intro"
								state="new"
							></missionState>
						</if>
						<action
							type="StartMission"
							id="M_Wasserpumpe_Intro" />
					</rule>
				</onEnter>
			</hotspot>
		</hotspots>
	</mission>
	<mission
		type="NPCTalk"
		id="M_Hochhaus_Intro"
		image="images/hochhaus.jpg"
		nextdialogbuttontext="Weiter ..."
		endbuttontext="Zum Film..."
	>
		<onStart>
			<rule>
				<action type="Vibrate" />
			</rule>
		</onStart>
		<onEnd>
			<rule>
				<action
					type="StartMission"
					id="M_Hochhaus_Video" />
			</rule>
		</onEnd>
		<dialogitem sound="sound/hochhaus_intro.mp3">Das Hochhaus auf dem Bild hier ist ganz
			in deiner Nähe.
		</dialogitem>
	</mission>
	<mission
		type="VideoPlay"
		id="M_Hochhaus_Video"
		file="videos/hochhaus.mp4"
	>
		<onEnd>
			<rule>
				<action
					type="StartMission"
					id="M_Map" />
			</rule>
		</onEnd>
	</mission>
	<mission
		type="NPCTalk"
		id="M_Park_Intro"
		image="images/park.jpg"
		nextdialogbuttontext="Weiter ..."
		endbuttontext="Zum Film..."
	>
		<onStart>
			<rule>
				<action type="Vibrate" />
			</rule>
		</onStart>
		<onEnd>
			<rule>
				<action
					type="StartMission"
					id="M_Park_Video" />
			</rule>
		</onEnd>
		<dialogitem sound="sound/park_intro.mp3">Findest du den See im Park am
			Theodor-Heuss-Ring?
		</dialogitem>
	</mission>
	<mission
		type="VideoPlay"
		id="M_Park_Video"
		file="videos/park.mp4"
	>
		<onEnd>
			<rule>
				<action
					type="StartMission"
					id="M_Map" />
			</rule>
		</onEnd>
	</mission>
	<mission
		type="NPCTalk"
		id="M_Rheinufer_Intro"
		image="images/rheinufer.jpg"
		nextdialogbuttontext="Weiter ..."
		endbuttontext="Zum Film..."
	>
		<onStart>
			<rule>
				<action type="Vibrate" />
			</rule>
		</onStart>
		<onEnd>
			<rule>
				<action
					type="StartMission"
					id="M_Rheinufer_Video" />
			</rule>
		</onEnd>
		<dialogitem sound="sound/rheinufer_intro.mp3">Du bist ganz nahe am Rheinufer.
		</dialogitem>
	</mission>
	<mission
		type="VideoPlay"
		id="M_Rheinufer_Video"
		file="videos/rheinufer.mp4"
	>
		<onEnd>
			<rule>
				<action
					type="StartMission"
					id="M_Map" />
			</rule>
		</onEnd>
	</mission>
	<mission
		type="NPCTalk"
		id="M_Strassenzug_Intro"
		image="images/strassenzug.jpg"
		nextdialogbuttontext="Weiter ..."
		endbuttontext="Zum Film..."
	>
		<onStart>
			<rule>
				<action type="Vibrate" />
			</rule>
		</onStart>
		<onEnd>
			<rule>
				<action
					type="StartMission"
					id="M_Strassenzug_Video" />
			</rule>
		</onEnd>
		<dialogitem sound="sound/strassenzug_intro.mp3">Stehst Du vor dem gezeigten Strassenzug?
		</dialogitem>
	</mission>
	<mission
		type="VideoPlay"
		id="M_Strassenzug_Video"
		file="videos/strassenzug.mp4"
	>
		<onEnd>
			<rule>
				<action
					type="StartMission"
					id="M_Map" />
			</rule>
		</onEnd>
	</mission>
	<mission
		type="NPCTalk"
		id="M_Wasserpumpe_Intro"
		image="images/wasserpumpe.jpg"
		nextdialogbuttontext="Weiter ..."
		endbuttontext="Zum Film..."
	>
		<onStart>
			<rule>
				<action type="Vibrate" />
			</rule>
		</onStart>
		<onEnd>
			<rule>
				<action
					type="StartMission"
					id="M_Wasserpumpe_Video" />
			</rule>
		</onEnd>
		<dialogitem sound="sound/wasserpumpe_intro.mp3">Siehst du die alte Wasserpumpe?
		</dialogitem>
	</mission>
	<mission
		type="VideoPlay"
		id="M_Wasserpumpe_Video"
		file="videos/wasserpumpe.mp4"
	>
		<onEnd>
			<rule>
				<action
					type="StartMission"
					id="M_Map" />
			</rule>
		</onEnd>
	</mission>
</game>