<?xml version="1.0" encoding="UTF-8"?><game id="6143" name="Erlebnis Schöpfung (Flora)" xmlformat="5"><mission endbuttontext="Weiter zur Karte" id="16414" image="files/1_Iintro.jpg" mode="wordticker" nextdialogbuttontext="Weiter" textsize="20sp" type="NPCTalk"><onEnd><rule><action id="16407" keepActivity="1" type="StartMission"/></rule></onEnd><dialogitem blocking="true" id="17002">Willkommen zum "Erlebnis Schöpfung"</dialogitem><dialogitem blocking="true" id="17003">In der Flora haben wir eine kurze Schöpfungsgeschichte gelegt. Auf der Karte, die ihr gleich seht, sind die Stationen eingezeichnet die ihr besuchen könnt.</dialogitem></mission><mission id="16407" type="MapOSM" zoomlevel="18"/><mission controllable="true" exitDialogKeepWatchingText="Weiter ansehen" exitDialogLeaveText="Fertig!" exitDialogMessage="Video abbrechen" exitDialogTitle="Diese Mission beenden?" exitDialogWatchAgainText="Noch einmal" file="files/2_Tag_1.mp4" id="16406" type="VideoPlay"><onEnd><rule><action id="16407" keepActivity="0" type="StartMission"/></rule></onEnd></mission><mission controllable="true" exitDialogKeepWatchingText="Weiter ansehen" exitDialogLeaveText="Fertig!" exitDialogMessage="Video abbrechen" exitDialogTitle="Diese Mission beenden?" exitDialogWatchAgainText="Noch einmal" file="files/1_Tag_2.mp4" id="16408" type="VideoPlay"><onEnd><rule><action id="16417" keepActivity="0" type="StartMission"/></rule></onEnd></mission><mission file="aussicht" id="16417" task="Um dich herum siehst du viel von Gottes schöner Erde. Mache ein Foto von einem Ort, der dir hier gefällt. (Das Foto wird nur lokal gespeichert, könnte aber auch online gesammelt werden)" type="ImageCapture"><onEnd><rule><action id="16407" keepActivity="0" type="StartMission"/></rule></onEnd></mission><mission controllable="true" exitDialogKeepWatchingText="Weiter ansehen" exitDialogLeaveText="Fertig!" exitDialogMessage="Video abbrechen" exitDialogTitle="Diese Mission beenden?" exitDialogWatchAgainText="Noch einmal" file="files/1_Tag_3.mp4" id="16409" type="VideoPlay"><onEnd><rule><action id="16416" keepActivity="0" type="StartMission"/></rule></onEnd></mission><mission endbuttontext="Weiter" id="16416" image="files/1_Wasser_Tag2.jpg" mode="wordticker" nextdialogbuttontext="Weiter" textsize="20sp" type="NPCTalk"><onEnd><rule><action id="16415" keepActivity="0" type="StartMission"/></rule></onEnd><dialogitem blocking="true" id="17009">Wasser ist sowohl für Menschen als auch für Tiere lebenswichtig. Wir brauchen es zum Trinken und zum Waschen. Dabei muss das Wasser, das wir bekommen, sauber sein. Eine gute Quelle für trinkbares Wasser ist Regen.</dialogitem></mission><mission id="16415" loopUntilSuccess="true" shuffle="false" type="MultipleChoiceQuestion"><onEnd><rule><action id="16407" keepActivity="0" type="StartMission"/></rule></onEnd><question id="17004"><questiontext id="17005">Wieviel Wasser verbraucht ein Mensch in Deutschland pro Tag?</questiontext><answer correct="0" id="17006" onChoose="Leider nicht richtig. Es sind deutlich mehr. Probier's noch mal.">53 Liter</answer><answer correct="1" id="17007" onChoose="Richtig! Z. Bsp. Körperpflege 43 l, Toilette 33 L, Nahrung 5 L, Wäsche 14 L">121 Liter</answer><answer correct="0" id="17008" onChoose="Nein, so viel doch nicht. Mit virtuellen Verbrauch wären es aber sogar noch mehr.">534 Liter</answer></question></mission><mission controllable="true" exitDialogKeepWatchingText="Weiter ansehen" exitDialogLeaveText="Fertig!" exitDialogMessage="Video abbrechen" exitDialogTitle="Diese Mission beenden?" exitDialogWatchAgainText="Noch einmal" file="files/1_Tag_4.mp4" id="16410" type="VideoPlay"><onEnd><rule><action id="16418" keepActivity="0" type="StartMission"/></rule></onEnd></mission><mission endbuttontext="Zur Karte" id="16418" image="files/1_tag4_beleuchtung.jpg" mode="wordticker" nextdialogbuttontext="Weiter" textsize="20sp" type="NPCTalk"><onEnd><rule><action id="16407" keepActivity="0" type="StartMission"/></rule></onEnd><dialogitem blocking="true" id="17010">Unsere Städte sind nachts so hell erleuchtet, dass wir viele Sterne nicht mehr sehen können. </dialogitem><dialogitem blocking="true" id="17011">Der Sternenhimmel ist nur noch in dünn besiedelten Gebieten zu bewundern. </dialogitem><dialogitem blocking="true" id="17012">Zuviel Licht in der Nacht schadet Menschen, Tieren und Pflanzen: ihr Tag-Nacht-Rhythmus wird gestört und ihre Gesundheit beeinträchtigt.</dialogitem><dialogitem blocking="true" id="17013">Was DU tun kannst:
Beleuchtung nur einschalten, wenn sie benötigt wird.</dialogitem></mission><mission controllable="true" exitDialogKeepWatchingText="Weiter ansehen" exitDialogLeaveText="Fertig!" exitDialogMessage="Video abbrechen" exitDialogTitle="Diese Mission beenden?" exitDialogWatchAgainText="Noch einmal" file="files/1_Tag_5.mp4" id="16411" type="VideoPlay"><onEnd><rule><action id="16422" keepActivity="0" type="StartMission"/></rule></onEnd></mission><mission id="16422" loopUntilSuccess="true" shuffle="false" type="MultipleChoiceQuestion"><onStart><rule><action file="files/1_sparrow.mp3" type="PlayAudio"/></rule></onStart><onEnd><rule><action id="16407" keepActivity="0" type="StartMission"/></rule></onEnd><question id="17019"><questiontext id="17020">Erkennst du diesen Vogel an seiner Stimme?</questiontext><answer correct="0" id="17021">Elster</answer><answer correct="1" id="17022">Spatz</answer><answer correct="0" id="17023">Turmfalke</answer><answer correct="0" id="17024">Amsel</answer></question></mission><mission controllable="true" exitDialogKeepWatchingText="Weiter ansehen" exitDialogLeaveText="Fertig!" exitDialogMessage="Video abbrechen" exitDialogTitle="Diese Mission beenden?" exitDialogWatchAgainText="Noch einmal" file="files/1_Tag_6.mp4" id="16412" type="VideoPlay"><onEnd><rule><action id="16421" keepActivity="0" type="StartMission"/></rule></onEnd></mission><mission file="tippAudio" id="16421" task="Jetzt kannst du deinen eigenen Tipp für die Umwelt aufsprechen. (Die Aufnahme wird nur lokal gespeichert, könnte aber auch online gesammelt werden)" type="AudioRecord"><onEnd><rule><action id="16407" keepActivity="0" type="StartMission"/></rule></onEnd></mission><mission controllable="true" exitDialogKeepWatchingText="Weiter ansehen" exitDialogLeaveText="Fertig!" exitDialogMessage="Video abbrechen" exitDialogTitle="Diese Mission beenden?" exitDialogWatchAgainText="Noch einmal" file="files/1_Tag_7.mp4" id="16413" type="VideoPlay"><onEnd><rule><action id="16419" keepActivity="0" type="StartMission"/></rule></onEnd></mission><mission buttontext="Scannen" endbuttontext="Weiter" expected_content="http://www.erzbistum-koeln.de/seelsorge_und_glaube/ehe_und_familie/familie_und_kinder/ausstellungen_aktionen/" id="16419" mode="product" type="QRTagReading"><onSuccess><rule><action id="16420" keepActivity="0" type="StartMission"/></rule></onSuccess></mission><mission endbuttontext="Beenden" id="16420" image="files/1_ringelblume.jpg" mode="wordticker" nextdialogbuttontext="Weiter" textsize="20sp" type="NPCTalk"><onEnd><rule><action type="EndGame"/></rule></onEnd><dialogitem blocking="true" id="17017">Du bist am Ziel! Schön, dass du mitgemacht hast.</dialogitem><dialogitem blocking="true" id="17018">Wenn du mehr zur Schöpfungsgeschichte erleben möchtest, dann besuch die interaktive Ausstellung "Erlebnis Schöpfung" im LVR- Freilichtmuseum Lindlar oder fahr die Radtour Sieben+schöpfung. tage.mensch! durch Köln.</dialogitem></mission><hotspot id="8628" img="files/3_Marker_1.png" initialActivity="true" initialVisibility="true" latlong="50.960857,6.970868" radius="10"><onTap><rule><action id="16406" keepActivity="1" type="StartMission"/></rule></onTap><onEnter><rule><action id="8628" mode="0" type="SetHotspotActivity"/><action id="16406" keepActivity="0" type="StartMission"/></rule></onEnter></hotspot><hotspot id="8629" img="files/1_Marker_2.png" initialActivity="true" initialVisibility="true" latlong="50.961365,6.9707074" radius="10"><onEnter><rule><action id="8629" mode="0" type="SetHotspotActivity"/><action id="16408" keepActivity="0" type="StartMission"/></rule></onEnter><onTap><rule><action id="16408" keepActivity="0" type="StartMission"/></rule></onTap></hotspot><hotspot id="8630" img="files/1_Marker_3.png" initialActivity="true" initialVisibility="true" latlong="50.96194,6.9710774" radius="10"><onTap><rule><action id="16409" keepActivity="0" type="StartMission"/></rule></onTap><onEnter><rule><action id="8630" mode="0" type="SetHotspotActivity"/><action id="16409" keepActivity="0" type="StartMission"/></rule></onEnter></hotspot><hotspot id="8631" img="files/1_Marker_4.png" initialActivity="true" initialVisibility="true" latlong="50.96222,6.9705033" radius="10"><onEnter><rule><action id="8631" mode="0" type="SetHotspotActivity"/><action id="16410" keepActivity="0" type="StartMission"/></rule></onEnter><onEnter/><onTap><rule><action id="16410" keepActivity="0" type="StartMission"/></rule></onTap></hotspot><hotspot id="8632" img="files/1_Marker_5.png" initialActivity="true" initialVisibility="true" latlong="50.96181,6.9701385" radius="10"><onTap><rule><action id="16411" keepActivity="0" type="StartMission"/></rule></onTap><onEnter><rule><action id="8632" mode="0" type="SetHotspotActivity"/><action id="16411" keepActivity="0" type="StartMission"/></rule></onEnter></hotspot><hotspot id="8633" img="files/1_Marker_6.png" initialActivity="true" initialVisibility="true" latlong="50.96138,6.9697576" radius="10"><onTap><rule><action id="16412" keepActivity="0" type="StartMission"/></rule></onTap><onTap/><onEnter><rule><action id="8633" mode="0" type="SetHotspotActivity"/><action id="16412" keepActivity="0" type="StartMission"/></rule></onEnter></hotspot><hotspot id="8634" img="files/1_Marker_7.png" initialActivity="true" initialVisibility="true" latlong="50.96085,6.9695807" radius="10"><onTap><rule><action id="16413" keepActivity="0" type="StartMission"/></rule></onTap><onEnter><rule><action id="8634" mode="0" type="SetHotspotActivity"/><action id="16413" keepActivity="0" type="StartMission"/></rule></onEnter></hotspot></game>