<?xml version="1.0" encoding="UTF-8"?>
<game name="tour um St. Martin am Brüsseler Platz" xmlformat="5">
	<mission type="NPCTalk" id="M_StartInfo" image="images/start.jpg"
		nextdialogbuttontext="Weiter ..." endbuttontext="Zur Karte..." name="Intro">
		<onEnd>
			<rule>
				<action type="StartMission" id="M_Map" />
			</rule>
		</onEnd>
		<dialogitem sound="sound/startinfo_1.mp3"> Auf der Karte, die du gleich siehst,
			sind alle Stationen eingezeichnet.
		</dialogitem>
		<dialogitem> Wenn du zu den Stationen gehst, starten
			die zugehörigen Medien. Das ist natürlich erstmal nur ein Test.
		</dialogitem>
	</mission>
	<mission type="OSMap" id="M_Map" zoomlevel="18">
		<hotspots>
			<hotspot id="HS_Start" latlong="50.938466,6.934175 " radius="20"
				initialVisibility="true" img="icons/geoIcon.png">
				<onEnter>
					<rule>
						<if>
							<missionState id="M_Start" state="new"></missionState>
						</if>
						<action type="StartMission" id="M_Start" />
					</rule>
				</onEnter>
			</hotspot>
			<hotspot id="HS_Tag_1" latlong="50.938716,6.934044" radius="30"
				initialVisibility="true" img="icons/geoIcon.png">
				<onEnter>
					<rule>
						<if>
							<missionState id="M_Tag_1_Intro" state="new"></missionState>
						</if>
						<action type="StartMission" id="M_Tag_1_Intro" />
					</rule>
				</onEnter>
			</hotspot>
			<hotspot id="HS_Tag_2" latlong="50.938277,6.938918" radius="30"
				initialVisibility="true" img="icons/geoIcon.png">
				<onEnter>
					<rule>
						<if>
							<missionState id="M_Tag_2_Intro" state="new"></missionState>
						</if>
						<action type="StartMission" id="M_Tag_2_Intro" />
					</rule>
				</onEnter>
			</hotspot>
			<hotspot id="HS_Tag_3" latlong="50.939447,6.935592" radius="30"
				initialVisibility="true" img="icons/geoIcon.png">
				<onEnter>
					<rule>
						<if>
							<missionState id="M_Tag_3_Intro" state="new"></missionState>
						</if>
						<action type="StartMission" id="M_Tag_3_Intro" />
					</rule>
				</onEnter>
			</hotspot>
			<hotspot id="HS_Tag_4" latlong="50.938245,6.934304" radius="10"
				initialVisibility="true" img="icons/geoIcon.png">
				<onEnter>
					<rule>
						<if>
							<missionState id="M_Tag_4_Intro" state="new"></missionState>
						</if>
						<action type="StartMission" id="M_Tag_4_Intro" />
					</rule>
				</onEnter>
			</hotspot>
			<hotspot id="HS_Tag_5" latlong="50.938345,6.933231" radius="30"
				initialVisibility="true" img="icons/geoIcon.png">
				<onEnter>
					<rule>
						<if>
							<missionState id="M_Tag_5_Intro" state="new"></missionState>
						</if>
						<action type="StartMission" id="M_Tag_5_Intro" />
					</rule>
				</onEnter>
			</hotspot>
			<hotspot id="HS_Tag_6" latlong="50.938825,6.933274" radius="30"
				initialVisibility="true" img="icons/geoIcon.png">
				<onEnter>
					<rule>
						<if>
							<missionState id="M_Tag_6_Intro" state="new"></missionState>
						</if>
						<action type="StartMission" id="M_Tag_6_Intro" />
					</rule>
				</onEnter>
			</hotspot>
			<hotspot id="HS_Tag_7" latlong="50.93848,6.93292" radius="10"
				initialVisibility="true" img="icons/geoIcon.png">
				<onEnter>
					<rule>
						<if>
							<missionState id="M_Tag_7_Intro" state="new"></missionState>
						</if>
						<action type="StartMission" id="M_Tag_7_Intro" />
					</rule>
				</onEnter>
			</hotspot>
		</hotspots>
	</mission>
	<mission type="NPCTalk" id="M_Start" image="images/hochhaus.jpg"
		nextdialogbuttontext="Weiter ..." endbuttontext="Zum Film...">
		<onStart>
			<rule>
				<action type="Vibrate" />
			</rule>
		</onStart>
		<onEnd>
			<rule>
				<action type="StartMission" id="M_Map" />
			</rule>
		</onEnd>
		<dialogitem>Du bist an der Startstation vor der Kirche
		</dialogitem>
		<dialogitem>Hier ist es wüst und wirr
		</dialogitem>
	</mission>
	<mission type="NPCTalk" id="M_Tag_1_Intro" image="images/park.jpg"
		nextdialogbuttontext="Weiter ..." endbuttontext="Zum Film...">
		<onStart>
			<rule>
				<action type="Vibrate" />
			</rule>
		</onStart>
		<onEnd>
			<rule>
				<action type="StartMission" id="M_Map" />
			</rule>
		</onEnd>
		<dialogitem>Du bist bei einer Sitzbank/ Raum und Licht
		</dialogitem>
		<dialogitem>Hier geht es um Raum geben
		</dialogitem>
	</mission>
	<mission type="NPCTalk" id="M_Tag_2_Intro" image="images/rheinufer.jpg"
		nextdialogbuttontext="Weiter ..." endbuttontext="Zum Film...">
		<onStart>
			<rule>
				<action type="Vibrate" />
			</rule>
		</onStart>
		<onEnd>
			<rule>
				<action type="StartMission" id="M_Map" />
			</rule>
		</onEnd>
		<dialogitem>Du bist an einem Kanaldeckel: Stadtentwässerung Köln
		</dialogitem>
		<dialogitem>Hier geht es um Wasserfluten
		</dialogitem>
	</mission>
	<mission type="NPCTalk" id="M_Tag_3_Intro" image="images/strassenzug.jpg"
		nextdialogbuttontext="Weiter ..." endbuttontext="Zum Film...">
		<onStart>
			<rule>
				<action type="Vibrate" />
			</rule>
		</onStart>
		<onEnd>
			<rule>
				<action type="StartMission" id="M_Map" />
			</rule>
		</onEnd>
		<dialogitem>Du bist bei der Stuckverzierung am Haus: Apfelbaum
		</dialogitem>
		<dialogitem>Hier geht es um Pflanzen
		</dialogitem>
	</mission>
	<mission type="NPCTalk" id="M_Tag_4_Intro" image="images/wasserpumpe.jpg"
		nextdialogbuttontext="Weiter ..." endbuttontext="Zum Film...">
		<onStart>
			<rule>
				<action type="Vibrate" />
			</rule>
		</onStart>
		<onEnd>
			<rule>
				<action type="StartMission" id="M_Map" />
			</rule>
		</onEnd>
		<dialogitem>Du bist bei den Straßenlampen
		</dialogitem>
		<dialogitem>Hier geht es um Sonne, Mond und Sterne
		</dialogitem>
	</mission>
	<mission type="NPCTalk" id="M_Tag_5_Intro" image="images/wasserpumpe.jpg"
		nextdialogbuttontext="Weiter ..." endbuttontext="Zum Film...">
		<onStart>
			<rule>
				<action type="Vibrate" />
			</rule>
		</onStart>
		<onEnd>
			<rule>
				<action type="StartMission" id="M_Map" />
			</rule>
		</onEnd>
		<dialogitem>Du bist an den Hüpftierchen
		</dialogitem>
		<dialogitem>Hier geht es um Wasser- und Flugtiere
		</dialogitem>
	</mission>
	<mission type="NPCTalk" id="M_Tag_6_Intro" image="images/wasserpumpe.jpg"
		nextdialogbuttontext="Weiter ..." endbuttontext="Zum Film...">
		<onStart>
			<rule>
				<action type="Vibrate" />
			</rule>
		</onStart>
		<onEnd>
			<rule>
				<action type="StartMission" id="M_Map" />
			</rule>
		</onEnd>
		<dialogitem>Du bist bei den Cafés
		</dialogitem>
		<dialogitem>Hier geht es um Landtiere/Menschen
		</dialogitem>
	</mission>
	<mission type="NPCTalk" id="M_Tag_7_Intro" image="images/wasserpumpe.jpg"
		nextdialogbuttontext="Weiter ..." endbuttontext="Zum Film...">
		<onStart>
			<rule>
				<action type="Vibrate" />
			</rule>
		</onStart>
		<onEnd>
			<rule>
				<action type="StartMission" id="M_Map" />
			</rule>
		</onEnd>
		<dialogitem>Du bist bei den Sitzbänken vor der Krypta
		</dialogitem>
		<dialogitem>Hier geht es um Ruhe
		</dialogitem>
	</mission>
</game>